"","id","district","mathscore","pct_female","pct_minority","pct_lep","pct_sped","pct_lowinc","pct_mathremed","mobility","computer_home","computer_school","pct_fouryear","pct_twoyear","pct_work","avg_absences","st_ratio","avg_salary","enroll","ppe","urban","charter","votech","pct_licensed","pct_lic_core","pct_in_school_susp","pct_out_school_susp","averageclasssize"
"1",10000,"Abington",250.617645263672,48.0999984741211,5.09999990463257,1,15.3999996185303,11.3999996185303,9.8214282989502,2,2,1,61.8000030517578,24.3999996185303,9.89999961853027,8.30000019073486,15.6999998092651,57.314,589,9.33800029754639,0,0,0,99.0999984741211,98.3000030517578,4.09999990463257,3.09999990463257,23.1000003814697
"2",50000,"Agawam",251.768753051758,48.7000007629395,3.19999980926514,2.29999995231628,14,19.5,17.7700347900391,2,2,3,52.5,38.4000015258789,8.30000019073486,8.30000019073486,13.8000001907349,52.147,1309,10.3590002059937,0,0,0,100,100,5,2.70000004768372,17.2000007629395
"3",70000,"Amesbury",252.525146484375,48.0999984741211,4.90000009536743,0.800000011920929,17.5,14.8999996185303,29.2682914733887,2,2,2,63.4000015258789,19.7999992370605,14.1000003814697,8.69999980926514,14.5,54.914,724,10.9729995727539,0,0,0,99.4000015258789,96.5999984741211,0.200000002980232,2.59999990463257,19.2999992370605
"4",90000,"Andover",260.122741699219,48.9000015258789,3.89999985694885,1,16.1000003814697,3.90000009536743,25.4041557312012,2,3,2,88.1999969482422,8.10000038146973,0.5,6.59999990463257,13.6999998092651,64.431,1734,12.0249996185303,0,0,0,99.3000030517578,100,0.600000023841858,1.89999997615814,19.3999996185303
"5",100000,"Arlington",261.306457519531,49.5,7.89999961853027,3.79999995231628,16.1000003814697,9.69999980926514,7.14285755157471,2,3,3,77.6999969482422,8.30000019073486,3.90000009536743,5.90000009536743,13.6000003814697,53.655,1126,11.4060001373291,0,0,0,98.4000015258789,99.5999984741211,1.89999997615814,1.70000004768372,18.6000003814697
"6",140000,"Ashland",258.327880859375,49.2999992370605,9.10000038146973,2.40000009536743,13.3999996185303,8.30000019073486,9.89011001586914,2,3,3,80,10.5999994277954,7.69999980926514,7.59999990463257,14.8999996185303,52.772,721,10.5989999771118,0,0,0,100,99.5,2.29999995231628,1.70000004768372,18
"7",160000,"Attleboro",248.410263061523,48.2000007629395,14.6999998092651,4.5,17.3999996185303,22.5,10.75,2,2,1,42.7000007629395,25.5,22.6000003814697,9.5,15.1000003814697,60.93,1813,10.46399974823,0,0,0,99.6999969482422,98.3000030517578,3.20000004768372,5.09999990463257,20.1000003814697
"8",170000,"Auburn",254.95832824707,50,5.19999980926514,1,12.1000003814697,13,14.0625,2,3,3,58.1999969482422,27.1000003814697,4,7.5,14.5,51.231,686,10.8079996109009,0,0,0,100,98.6999969482422,1.20000004768372,2.20000004768372,18.5
"9",180000,"Avon",251.929824829102,49.2999992370605,24.8000011444092,0.300000011920929,14.5,25.8999996185303,2.85714292526245,2,3,1,70,16,8,8.60000038146973,12.3000001907349,50.704,239,10.9840002059937,0,0,0,100,100,0,1.70000004768372,16.8999996185303
"10",190000,"Ayer",249.574462890625,45.5,14.3999996185303,3.59999990463257,16.7000007629395,22.8999996185303,17.021276473999,2,3,3,51.7999992370605,18.7999992370605,13,9.89999961853027,13.1999998092651,54.035,386,11.2620000839233,0,0,0,NA,NA,NA,NA,NA
"11",200000,"Barnstable",250.957107543945,49.7000007629395,12.3000001907349,3.40000009536743,12.8999996185303,20.5,8.02919673919678,2,2,2,52.1999969482422,28.1000003814697,10.1999998092651,10.8999996185303,12.6999998092651,43.562,1748,12.1960000991821,0,0,0,99.9000015258789,99,3.40000009536743,4.59999990463257,17.3999996185303
"12",230000,"Bedford",258.88525390625,50,9.5,1.10000002384186,19,6.69999980926514,6.85747861862183,2,3,2,73.9000015258789,15.0999994277954,3.59999990463257,6.40000009536743,12.1999998092651,64.429,764,14.5389995574951,0,0,0,98.8000030517578,99.5,0.699999988079071,1.20000004768372,15.3000001907349
"13",240000,"Belchertown",252.641311645508,48.0999984741211,4.69999980926514,1.10000002384186,16,13.3000001907349,19.6721305847168,2,3,2,60,27.6000003814697,6.40000009536743,7.5,16,52.504,775,9.16399955749512,0,0,0,100,100,3.29999995231628,1.60000002384186,17.2000007629395
"14",250000,"Bellingham",252.157897949219,48.4000015258789,4.69999980926514,1.20000004768372,13.5,13.1999998092651,10.638298034668,2,2,2,64.9000015258789,13,15.8000001907349,8.89999961853027,14.8000001907349,55.684,785,10.1700000762939,0,0,0,98.8000030517578,99.5,0.100000001490116,1.79999995231628,19.1000003814697
"15",260000,"Belmont",263.639709472656,50.7999992370605,7.90000009536743,2.70000004768372,13.1000003814697,5.90000009536743,1.13636362552643,2,3,3,92.1999969482422,3.70000004768372,0.800000011920929,7.80000019073486,15.6999998092651,58.445,1156,10.7639999389648,0,0,0,100,100,0.200000002980232,1.10000002384186,21.1000003814697
"16",300000,"Beverly",249.898086547852,50.4000015258789,9.19999980926514,1,20.8999996185303,22,8.85245895385742,2,2,2,66.9000015258789,21.6999988555908,3,8.5,14.1999998092651,44.337,1245,11.2110004425049,0,0,0,98.5,99.8000030517578,1.20000004768372,2.29999995231628,20
"17",310000,"Billerica",253.983657836914,48.2000007629395,3.39999985694885,0.800000011920929,19.6000003814697,4.09999990463257,4,2,2,1,37.5,11.6000003814697,0,8.30000019073486,14.6000003814697,58.14,1514,10.451000213623,0,0,0,100,96.5999984741211,0,1.79999995231628,18.6000003814697
"18",350000,"Boston",245.49560546875,48.2999992370605,76.4000015258789,19.1000003814697,20.1000003814697,71.4000015258789,7.61460733413696,2,1,1,50.2999992370605,15.2000007629395,6.5,13.6000003814697,12.8000001907349,71.123,18414,16.4669990539551,1,0,0,95.6999969482422,76.6999969482422,0.600000023841858,6.19999980926514,17.7000007629395
"19",360000,"Bourne",251.887634277344,48.5999984741211,5.09999990463257,0,16.6000003814697,21.1000003814697,3.42857122421265,2,2,2,61.1999969482422,25.8999996185303,7.10000038146973,9.69999980926514,14.8000001907349,49.807,706,11.8970003128052,0,0,0,97.5,96.4000015258789,6.40000009536743,3.09999990463257,17.5
"20",400000,"Braintree",253.447677612305,48.9000015258789,7,1.79999995231628,20.7000007629395,11.3000001907349,10.0294981002808,2,3,2,67.8000030517578,19,10.8999996185303,7.19999980926514,14,54.862,1461,10.2480001449585,0,0,0,99.8000030517578,99.8000030517578,0.100000001490116,1.79999995231628,17.5
"21",440000,"Brockton",241.980224609375,48.5,63.1000022888184,14.8000001907349,14.5,71.5,4.00471115112305,2,1,1,40.4000015258789,39.6000022888184,9.30000019073486,11.1000003814697,13.6000003814697,62.96,4358,12.1070003509521,1,0,0,99.1999969482422,96.1999969482422,7,10.8000001907349,19.5
"22",460000,"Brookline",257.657958984375,48.7000007629395,16.8000011444092,7.19999980926514,18.2999992370605,10,19.2878341674805,2,2,2,88.6999969482422,0.899999976158142,2.5,7.40000009536743,12.8999996185303,67.399,1808,15.0979995727539,0,0,0,99.6999969482422,99.3000030517578,0.899999976158142,1.79999995231628,17.1000003814697
"23",480000,"Burlington",254.878051757812,48,6.19999980926514,2.20000004768372,14.1000003814697,6.19999980926514,2.84552836418152,3,3,3,80.8999938964844,12.3999996185303,2.40000009536743,7.40000009536743,12.8999996185303,60.046,1024,12.8050003051758,0,0,0,99.8000030517578,98.1999969482422,1.39999997615814,1.5,18.7000007629395
"24",490000,"Cambridge",251.849716186523,48.4000015258789,49.7000007629395,6.59999990463257,21.7999992370605,44.9000015258789,12.0127696990967,2,2,2,64,20.2999992370605,5.30000019073486,10,10.8999996185303,68.331,1534,24.4669990539551,1,0,0,96.9000015258789,97.1999969482422,1.79999995231628,2.29999995231628,14.3000001907349
"25",500000,"Canton",258.905487060547,49,11.8999996185303,1.29999995231628,14.3000001907349,11.1999998092651,3.5714282989502,2,2,3,79,15.5999994277954,3.79999995231628,7.90000009536743,15.3999996185303,64.495,791,11.1049995422363,0,0,0,99.5,100,1.60000002384186,2.29999995231628,19.8999996185303
"26",520000,"Carver",250.584609985352,49.5999984741211,3.10000014305115,0.300000011920929,15.8000001907349,14.6000003814697,10.0775194168091,2,3,3,63.5999984741211,17,15.1999998092651,8.19999980926514,13.1000003814697,57.557,549,10.5740003585815,0,0,0,99.1999969482422,99.9000015258789,1.79999995231628,2.29999995231628,19.3999996185303
"27",550000,"Chatham",252.512817382812,46.9000015258789,6,1.70000004768372,12.3999996185303,13.6999998092651,11.0355796813965,2,2,2,59.2000007629395,16.7000007629395,13,9.30000019073486,10.3999996185303,55.573,204,14.4930000305176,0,0,0,NA,NA,NA,NA,NA
"28",560000,"Chelmsford",257.887176513672,49.0999984741211,3.70000004768372,1.20000004768372,15.1000003814697,4.5,6.95876264572144,3,3,3,80.5999984741211,10.1999998092651,3.60000014305115,6.09999990463257,15.5,58.277,1676,9.67099952697754,0,0,0,99.6999969482422,99.1999969482422,0.300000011920929,1.10000002384186,18.7000007629395
"29",570000,"Chelsea",236.846420288086,49.5,87.3000030517578,18.7999992370605,14.1999998092651,86.8000030517578,21.4123668670654,2,1,1,26.8999996185303,29.5,26.1000003814697,9,13.3999996185303,54.164,1469,12.1979999542236,1,0,0,99,99.6999969482422,2.20000004768372,8,20.3999996185303
"30",610000,"Chicopee",238.546051025391,48.2999992370605,26.8999996185303,4.5,15.1000003814697,51.5999984741211,13.5135145187378,2,1,2,27.2000007629395,52.3999977111816,16.7000007629395,12.1000003814697,13.3000001907349,44.784,2625,10.8559999465942,1,0,0,99.1999969482422,98.3000030517578,9.39999961853027,8.69999980926514,17.3999996185303
"31",640000,"Clinton",251.516128540039,47,25,7.40000009536743,18.2000007629395,37.5,10.8333330154419,2,2,2,49.5999984741211,36.7999992370605,5.60000038146973,9.5,14.8000001907349,55.283,544,10.7200002670288,0,0,0,98.5999984741211,98.9000015258789,2.90000009536743,3.5,19.2000007629395
"32",650000,"Cohasset",260.666656494141,48.5999984741211,3.70000004768372,0,12,2.29999995231628,4.70588254928589,3,3,3,92.4000015258789,0,1.29999995231628,7,12.3000001907349,64.632,365,11.7209997177124,0,0,0,100,100,0,0.899999976158142,20.3999996185303
"33",710000,"Danvers",255.369232177734,50.7000007629395,4.30000019073486,0.699999988079071,15.8000001907349,6.5,3.10077524185181,3,2,2,73.5,15.1999998092651,6.5,8.39999961853027,13.1999998092651,59.755,1010,10.5559997558594,0,0,0,99.3000030517578,100,0.600000023841858,2.5,19.1000003814697
"34",720000,"Dartmouth",251.928573608398,49.2000007629395,3.70000004768372,1.5,14.1999998092651,14.5,8.5034008026123,3,2,2,60.1999969482422,23.7999992370605,6.70000028610229,6.90000009536743,16.2999992370605,57.462,1264,9.28400039672852,0,0,0,100,99.6999969482422,4.69999980926514,0.899999976158142,19.2999992370605
"35",730000,"Dedham",255.541900634766,48.0999984741211,13.3999996185303,3.90000009536743,20.2000007629395,19,16.7664680480957,2,2,3,63.3000030517578,18.6000003814697,14.4000005722046,8.10000038146973,13,60.991,772,13.1569995880127,0,0,0,100,100,1.10000002384186,3.70000004768372,16.8999996185303
"36",770000,"Douglas",250.219787597656,48.4000015258789,2.60000014305115,0.300000011920929,11.8999996185303,8.5,3.57142877578735,2,3,3,64.9000015258789,22.7000007629395,3.09999990463257,7.30000019073486,15.5,50.22,441,8.08899974822998,0,0,0,99,99.4000015258789,0.800000011920929,1.79999995231628,19.6000003814697
"37",790000,"Dracut",248.75,46.9000015258789,6.69999980926514,1.60000002384186,11.1000003814697,14.1000003814697,10.1351346969604,2,3,1,55.1999969482422,31.7999992370605,9.89999961853027,8.69999980926514,17.1000003814697,52.306,1217,8.53600025177002,0,0,0,99.5,98.4000015258789,1.10000002384186,3.40000009536743,22.7000007629395
"38",820000,"Duxbury",259.7578125,48.9000015258789,0.699999988079071,0,13.3000001907349,3.20000004768372,6.98689985275269,3,3,3,87.3999938964844,3.20000004768372,1.39999997615814,8,15.6000003814697,60.976,967,9.92899990081787,0,0,0,98.6999969482422,99.5999984741211,0.200000002980232,2.5,20.7000007629395
"39",830000,"East Bridgewater",253.075942993164,50.5999984741211,3.5,0.200000002980232,12.1000003814697,7.80000019073486,8.44155883789062,3,2,2,70.1000061035156,14.3000001907349,8.60000038146973,7.19999980926514,16.3999996185303,57.663,668,8.7189998626709,0,0,0,98.9000015258789,97.4000015258789,0.300000011920929,1.29999995231628,24.1000003814697
"40",860000,"Easthampton",248.719299316406,49.5,8.60000038146973,1.70000004768372,18.2999992370605,24.3999996185303,22.123893737793,2,2,1,35.5999984741211,47.7000007629395,8.39999961853027,9.5,12.6000003814697,53.878,521,10.4049997329712,0,0,0,99.0999984741211,100,5.69999980926514,4.19999980926514,19.7000007629395
"41",870000,"East Longmeadow",255.545852661133,50.7000007629395,4.40000009536743,0,22.7000007629395,6.69999980926514,6.63716793060303,3,3,1,54.9000015258789,38.7999992370605,4.39999961853027,7.09999990463257,14.3000001907349,57.896,937,9.69200038909912,0,0,0,99.5,100,0,1.89999997615814,19
"42",880000,"Easton",255.222610473633,49,6.90000009536743,0.600000023841858,16.7999992370605,4.5,6.22406673431396,3,3,2,80.8000030517578,9.60000038146973,6.30000019073486,7.09999990463257,15.5,58.867,1107,9.05900001525879,0,0,0,98.8000030517578,98.6999969482422,0.699999988079071,1.39999997615814,20.3999996185303
"43",930000,"Everett",241.23567199707,48,39.7999992370605,9.69999980926514,15.1999998092651,63.7999992370605,19.6035232543945,2,2,1,47.9000015258789,26.2999992370605,6.80000019073486,11,13.8999996185303,54.041,1774,10.1780004501343,0,0,0,99.4000015258789,98.6999969482422,1.39999997615814,2.90000009536743,20.7000007629395
"44",940000,"Fairhaven",249.727890014648,49.2999992370605,4.20000028610229,0.200000002980232,16.2000007629395,21.7000007629395,22.0689659118652,2,2,1,45,39.5999984741211,10.8000001907349,6.80000019073486,13.6000003814697,52.115,650,10.4340000152588,0,0,0,97.0999984741211,100,4.19999980926514,3.59999990463257,17.7999992370605
"45",950000,"Fall River",238.035888671875,48.4000015258789,22.6999988555908,6.40000009536743,17.3999996185303,66.5,30.3347282409668,2,1,1,27.1000003814697,45.9000015258789,24.6000003814697,14,12.8000001907349,50.786,2660,12.6859998703003,1,0,0,95.4000015258789,93.5999984741211,6.19999980926514,14.3999996185303,19.1000003814697
"46",960000,"Falmouth",254.388687133789,49.4000015258789,7.69999980926514,0.899999976158142,15.8999996185303,18.1000003814697,10.0189247131348,2,2,2,56.2999992370605,30.2000007629395,6.90000009536743,11.6000003814697,11.8999996185303,58.41,1143,12.1470003128052,0,0,0,100,100,5.30000019073486,3.90000009536743,17.2000007629395
"47",970000,"Fitchburg",245.973770141602,50,45,12.8000001907349,19.3999996185303,59.7000007629395,14.7540988922119,1,1,1,34.2999992370605,34.8999977111816,15.7000007629395,11.8000001907349,14,57.254,1427,11.3509998321533,1,0,0,99.1999969482422,99.5,9.5,6.59999990463257,18.1000003814697
"48",990000,"Foxborough",256.444458007812,49.2000007629395,4.59999990463257,0.300000011920929,18.5,8.80000019073486,9.85221672058105,2,2,3,78.8000030517578,9.80000019073486,8.19999980926514,7.90000009536743,14.5,56.109,885,9.95600032806396,0,0,0,100,99.9000015258789,0.400000005960464,2.29999995231628,16.7000007629395
"49",1000000,"Framingham",254.532043457031,49.7000007629395,26.9000015258789,14.6999998092651,20.7000007629395,28.7999992370605,9.6969690322876,2,2,2,58.1999969482422,19.1999988555908,13.5,8.10000038146973,12.5,61.666,2109,14.168999671936,1,0,0,98.9000015258789,16.3999996185303,2.09999990463257,3.40000009536743,17.2000007629395
"50",1010000,"Franklin",259.124053955078,49.2000007629395,3,0.400000005960464,15.5,5.59999990463257,8.71794891357422,3,3,3,72.5999984741211,15.3999996185303,6.5,6.69999980926514,14.1000003814697,58.894,1584,9.58600044250488,0,0,0,99.8000030517578,99.8000030517578,0.699999988079071,1,20.5
"51",1030000,"Gardner",247.538467407227,48.5,13.4999990463257,3.70000004768372,17,34.7999992370605,11.0497236251831,2,3,2,52.0999984741211,36.2999992370605,6.09999990463257,10.3000001907349,16.1000003814697,54.646,1012,9.5319995880127,0,0,0,100,100,5.59999990463257,7.19999980926514,18.2000007629395
"52",1050000,"Georgetown",257.907409667969,47.7000007629395,2.89999985694885,0.200000002980232,12.6000003814697,4.09999990463257,21.1538467407227,3,3,3,71.1000061035156,17.8000011444092,10,8,15.8000001907349,50.134,411,8.3149995803833,0,0,0,95.9000015258789,98.1999969482422,0.800000011920929,0.400000005960464,18.7999992370605
"53",1070000,"Gloucester",246.646621704102,49.2999992370605,4.20000028610229,2.09999990463257,21,26.2000007629395,27.9245281219482,2,2,2,46.7000007629395,22.3999996185303,6.90000009536743,12.3000001907349,14,57.065,1162,10.996000289917,0,0,0,98.8000030517578,98.9000015258789,0.699999988079071,2.79999995231628,18.8999996185303
"54",1100000,"Grafton",255.391891479492,49.9000015258789,3.79999995231628,0.200000002980232,16.6000003814697,10,29.452054977417,2,3,2,67.6000061035156,18.3000011444092,9.19999980926514,8.39999961853027,15,54.289,683,8.78400039672852,0,0,0,100,99.8000030517578,1.39999997615814,1.10000002384186,20
"55",1110000,"Granby",243.767440795898,51.5999984741211,2.5,0.699999988079071,17,15.1999998092651,8.43373489379883,2,2,2,51.9000015258789,33.2999992370605,11.1000003814697,7.19999980926514,13.3000001907349,53.023,364,9.02299976348877,0,0,0,100,100,0,2.20000004768372,14.1999998092651
"56",1140000,"Greenfield",250.897964477539,46,14.8999996185303,3.79999995231628,19.3999996185303,55.5999984741211,5.49450588226318,2,2,3,35.1999969482422,49.5999984741211,11.5,10.1000003814697,12,49.343,436,11.7950000762939,0,0,0,99.3000030517578,96.5999984741211,1.89999997615814,5.5,16.1000003814697
"57",1170000,"Hadley",262.382965087891,49.2000007629395,6.19999980926514,1.20000004768372,11.6999998092651,13.8999996185303,8.69565200805664,2,3,3,64.3000030517578,28.6000003814697,4.80000019073486,8.10000038146973,13.3999996185303,40.306,180,9.72500038146973,0,0,0,100,100,1,1,16.5
"58",1220000,"Hanover",254.229293823242,47.9000015258789,1.80000007152557,0.200000002980232,16.2000007629395,3.09999990463257,7.64331245422363,2,3,2,72.3000030517578,15.1000003814697,8.80000019073486,6.90000009536743,13,55.605,664,9.61100006103516,0,0,0,100,99.9000015258789,0,2.29999995231628,19.7999992370605
"59",1250000,"Harvard",265.226409912109,49.7999992370605,2.69999980926514,0.200000002980232,16.5,0.100000001490116,3.80952405929565,2,3,2,95.6999969482422,1.10000002384186,2.20000004768372,7.09999990463257,15.1999998092651,59.352,419,11.1870002746582,0,0,0,100,100,0.100000001490116,0.699999988079071,18
"60",1260000,"Harwich",261.098907470703,49.4000015258789,7.09999990463257,2.09999990463257,16.8999996185303,16.6000003814697,12.0879125595093,2,3,2,60.2000007629395,28.6000003814697,10.1999998092651,8.89999961853027,11.6000003814697,53.788,396,12.6499996185303,0,0,0,NA,NA,NA,NA,NA
"61",1270000,"Hatfield",254.684204101562,48.2000007629395,2.20000004768372,0,16.3999996185303,9.30000019073486,13.1578950881958,2,3,3,74.3000030517578,14.3000001907349,11.5,7.59999990463257,11.1000003814697,48.354,129,10.21399974823,0,0,0,100,93.1999969482422,NA,NA,14.1999998092651
"62",1280000,"Haverhill",246.41667175293,47.5999984741211,25.6999988555908,5.90000009536743,17.1000003814697,38.2999992370605,16.0869560241699,1,2,1,42.7000007629395,36.2000007629395,14.0999994277954,12.6999998092651,14.6000003814697,66.533,2016,10.7019996643066,1,0,0,95.6999969482422,96.4000015258789,1.39999997615814,3.59999990463257,17.6000003814697
"63",1310000,"Hingham",259.768005371094,48.5,2.90000009536743,0,13.6999998092651,3.20000004768372,11.5555553436279,3,3,3,88.8000030517578,3.29999995231628,3,5.69999980926514,14.3999996185303,61.613,1038,9.74899959564209,0,0,0,100,100,0.800000011920929,0.800000011920929,19.2999992370605
"64",1330000,"Holbrook",242.530609130859,47.4000015258789,19.2000007629395,1.60000002384186,19.3999996185303,24.5,25,2,1,1,52.2999992370605,25.3999996185303,4.5,9.5,15.3000001907349,51.692,304,10.8500003814697,0,0,0,100,100,0.300000011920929,5,16.7000007629395
"65",1360000,"Holliston",260.961547851562,49.7000007629395,2.70000004768372,1,15.6999998092651,2.29999995231628,6.46766138076782,3,3,3,85.0999984741211,5.69999980926514,3.90000009536743,6.30000019073486,13.3999996185303,57.856,912,10.8559999465942,0,0,0,99.5999984741211,98.5999984741211,0.300000011920929,2.09999990463257,16.6000003814697
"66",1370000,"Holyoke",235.112197875977,48.0999984741211,78.8000030517578,24.2000007629395,22.6000003814697,76.6999969482422,23.2758617401123,2,1,1,26.2999992370605,55.8999977111816,6.30000019073486,15,10.3999996185303,58.698,1972,14.7189998626709,1,0,0,96.1999969482422,94.4000015258789,3.59999990463257,21.5,16.1000003814697
"67",1380000,"Hopedale",258.919525146484,49.5,3.89999985694885,0.200000002980232,15.6000003814697,5.09999990463257,3.52941203117371,2,3,3,73.1999969482422,6.09999990463257,7.30000019073486,6.90000009536743,14.8999996185303,58.9,331,8.8430004119873,0,0,0,99.4000015258789,100,0.5,1.39999997615814,18.3999996185303
"68",1390000,"Hopkinton",261.782958984375,49.5,1.89999997615814,0.400000005960464,11.6000003814697,1.5,3.61990976333618,3,3,3,90.6999969482422,5,1.70000004768372,6,14.3999996185303,61.707,977,11.1140003204346,0,0,0,100,99.1999969482422,0.300000011920929,0.800000011920929,18.8999996185303
"69",1410000,"Hudson",250.150756835938,48.7999992370605,6.5,3.90000009536743,20.7999992370605,14.8999996185303,4.44444465637207,2,3,3,72.3000030517578,12.1999998092651,11.1999998092651,9.10000038146973,13.6000003814697,51.499,882,11.5310001373291,0,0,0,98.6999969482422,98.9000015258789,0,2.09999990463257,17.6000003814697
"70",1420000,"Hull",251.272720336914,47.7999992370605,3.5,0,16.6000003814697,21.6000003814697,4.70588254928589,2,3,2,64.1999969482422,18.2999992370605,3.69999980926514,9.69999980926514,11.8999996185303,53.291,419,13.418999671936,0,0,0,100,100,3.09999990463257,2.90000009536743,15.6999998092651
"71",1440000,"Ipswich",256.708862304688,51.5,2.90000009536743,0.300000011920929,14.1999998092651,7.59999990463257,5.9210524559021,3,2,3,81.0999984741211,11.5,4.09999990463257,7.30000019073486,14.3999996185303,55.646,659,9.73400020599365,0,0,0,100,96.8000030517578,0.800000011920929,1.29999995231628,17.8999996185303
"72",1490000,"Lawrence",230.790008544922,47.7999992370605,90.3999938964844,23.5,18.8999996185303,82.9000015258789,21.0416660308838,1,1,2,26.3999996185303,48.9000015258789,11.1000003814697,10.3999996185303,14.5,54.012,3252,12.0389995574951,1,0,0,92.3000030517578,94.0999984741211,2.70000004768372,5.90000009536743,17.7000007629395
"73",1500000,"Lee",247.698623657227,50.2000007629395,8.60000038146973,2.59999990463257,14.3999996185303,25.2999992370605,14.9253730773926,2,3,1,46.5,33.7999992370605,14,9.19999980926514,11.8000001907349,53.291,360,11.2840003967285,0,0,0,100,96.9000015258789,0.300000011920929,0.5,13.1999998092651
"74",1510000,"Leicester",248.015151977539,49.2999992370605,6.30000019073486,0.5,18.1000003814697,17.7999992370605,8.52713108062744,2,3,2,58.4000015258789,28.3999996185303,5.30000019073486,8.10000038146973,15,57.065,563,9.46700000762939,0,0,0,100,100,0.800000011920929,2,18.8999996185303
"75",1520000,"Lenox",260.31884765625,52,4.09999990463257,0.200000002980232,12.3999996185303,7,15.2542371749878,2,3,1,71,17.2999992370605,11.5,9.30000019073486,11.6000003814697,58.545,273,12.8120002746582,0,0,0,100,100,0.600000023841858,2.79999995231628,13.1999998092651
"76",1530000,"Leominster",247.056762695312,48,28.3999996185303,12,17.8999996185303,34.9000015258789,4.47427272796631,2,2,1,58.2000007629395,22.8999996185303,15.1000003814697,9.69999980926514,15.6999998092651,56.257,1848,10.2829999923706,1,0,0,98.6999969482422,98.5,2.09999990463257,3.79999995231628,17.1000003814697
"77",1550000,"Lexington",264.056762695312,49.4000015258789,8.10000038146973,3.79999995231628,16.3999996185303,4.69999980926514,3.69515013694763,2,3,3,91.0999984741211,0.600000023841858,0,5.69999980926514,12.3999996185303,61.763,1995,13.5740003585815,0,0,0,99.8000030517578,99.9000015258789,0.400000005960464,1.20000004768372,19.6000003814697
"78",1580000,"Littleton",257.422668457031,50.5999984741211,3.19999980926514,0,17.7999992370605,2.09999990463257,8.21917819976807,2,3,3,63.7999992370605,19.8000011444092,0,6.80000019073486,14.8000001907349,62.845,385,10.3579998016357,0,0,0,99.4000015258789,100,0,1.5,23.6000003814697
"79",1590000,"Longmeadow",256.953125,48,4.40000009536743,1.10000002384186,17,3.79999995231628,8.25849437713623,3,3,2,87.4000015258789,8.80000019073486,2.29999995231628,6.09999990463257,13.3999996185303,54.34,1022,10.1400003433228,0,0,0,99.6999969482422,98.1999969482422,2.20000004768372,1.29999995231628,19.3999996185303
"80",1600000,"Lowell",242.074279785156,47.9000015258789,29.7999992370605,30.3999996185303,15.5,66.5999984741211,10.2453098297119,2,1,2,49.5,31,5.19999980926514,11.3999996185303,12.3999996185303,62.361,3573,12.0050001144409,1,0,0,99.5999984741211,99.5999984741211,4.80000019073486,9.69999980926514,18.8999996185303
"81",1610000,"Ludlow",249.495864868164,48.2999992370605,6.19999980926514,1.39999997615814,17.3999996185303,18,11.7391300201416,3,2,1,41.4000015258789,43.4000015258789,11.1999998092651,8,14.3999996185303,50.319,1048,10.0880002975464,0,0,0,99,97.4000015258789,1.29999995231628,3.90000009536743,16.7000007629395
"82",1620000,"Lunenburg",256.347839355469,47.2999992370605,2.70000004768372,0.200000002980232,14.1000003814697,10,19.2592582702637,3,3,3,70.5,11.8000001907349,8.10000038146973,7.59999990463257,15.3000001907349,57.492,619,9.55700016021729,0,0,0,100,100,1,2.40000009536743,19.5
"83",1630000,"Lynn",243.591156005859,48.2999992370605,57.9000015258789,25,16.8999996185303,75.4000015258789,7.36975812911987,2,1,1,34.1999969482422,44.7000007629395,11.5,8.89999961853027,12.8000001907349,56.532,4244,12.2209997177124,1,0,0,96.8000030517578,94.4000015258789,6,12.6999998092651,19.2999992370605
"84",1640000,"Lynnfield",258.742523193359,47.5,4.09999990463257,0.100000001490116,11.3000001907349,3.20000004768372,6.6951379776001,2,3,3,83.5999984741211,8.89999961853027,1.29999995231628,6.90000009536743,15.3999996185303,57.683,660,9.71500015258789,0,0,0,100,100,0,1,20.1000003814697
"85",1650000,"Malden",247.456985473633,47.7999992370605,37.2999992370605,9.69999980926514,15.1000003814697,52.7999992370605,5,1,2,2,43.7000007629395,30.4000015258789,8.89999961853027,10.1000003814697,14.1000003814697,65.638,1700,11.6110000610352,1,0,0,99.5,99.5,1.39999997615814,2.59999990463257,20.2999992370605
"86",1670000,"Mansfield",256.664794921875,47.5,4.40000009536743,0.5,18.7000007629395,7.59999990463257,16.6163139343262,3,3,1,74.8000030517578,5.5,3,7.19999980926514,15.1000003814697,57.42,1413,8.83100032806396,0,0,0,99.6999969482422,99.5,0,0.800000011920929,18.2000007629395
"87",1680000,"Marblehead",258.406494140625,49.2000007629395,5.10000038146973,1,15.1999998092651,6.90000009536743,4.97737550735474,2,2,3,86.6000061035156,2.20000004768372,1.69999992847443,7.40000009536743,13.6000003814697,56.277,978,11.2019996643066,0,0,0,99.3000030517578,98,1.10000002384186,1,19.5
"88",1700000,"Marlborough",251.924758911133,48.5,31.1000003814697,11.3000001907349,22.5,29.2999992370605,8.71212100982666,2,2,1,52.4000015258789,16,4.69999980926514,8.39999961853027,12.8999996185303,56.926,1174,12.3879995346069,0,0,0,100,99.5999984741211,2,4.19999980926514,17.8999996185303
"89",1710000,"Marshfield",254.382858276367,48.7999992370605,1.90000009536743,0.200000002980232,17.6000003814697,7.90000009536743,15.5063285827637,2,2,2,78.5,8.40000057220459,7.69999980926514,7.30000019073486,14.3000001907349,59.178,1314,9.73400020599365,0,0,0,100,100,0.699999988079071,2.79999995231628,22.2999992370605
"90",1720000,"Mashpee",250.237762451172,48.5999984741211,12.5,0.200000002980232,20.7999992370605,17.6000003814697,8.14814758300781,2,3,1,57.2000007629395,26.2000007629395,10.3999996185303,5.40000009536743,15.5,55.463,688,11.5729999542236,0,0,0,99.1999969482422,100,0.800000011920929,2.40000009536743,15.6999998092651
"91",1740000,"Maynard",254.606735229492,46.2999992370605,7.60000038146973,2.29999995231628,17.1000003814697,13.3999996185303,2.29885053634644,3,3,3,74.6999969482422,12.6000003814697,8.80000019073486,7.5,14.6000003814697,59.686,361,12.003999710083,0,0,0,99,100,0.600000023841858,1.10000002384186,16.6000003814697
"92",1750000,"Medfield",263.164306640625,50.2000007629395,1.40000009536743,0.200000002980232,11.6000003814697,1.79999995231628,5.88235282897949,3,3,3,95.1999969482422,1.39999997615814,2.90000009536743,6.19999980926514,15.1000003814697,60.604,891,9.47200012207031,0,0,0,100,99.3000030517578,0.400000005960464,0.400000005960464,19.1000003814697
"93",1760000,"Medford",247.205551147461,48.7999992370605,25.1000003814697,4.90000009536743,19.2000007629395,27,19.2982444763184,2,2,2,50.7999992370605,20.4000015258789,14.5999994277954,8.60000038146973,13.6000003814697,63.115,1561,12.8610000610352,0,0,0,100,100,0.200000002980232,3.59999990463257,16.2999992370605
"94",1770000,"Medway",259.227905273438,49.0999984741211,3.09999990463257,0.400000005960464,17.1000003814697,4.40000009536743,19.2513370513916,3,3,3,86.8000030517578,6.29999971389771,3.69999980926514,7.09999990463257,14.8999996185303,59.394,791,9.34099960327148,0,0,0,100,99.9000015258789,0.300000011920929,0.899999976158142,18.7999992370605
"95",1780000,"Melrose",253.399993896484,50.2000007629395,7.79999971389771,1.5,17.3999996185303,11.5,8.12182712554932,2,3,2,77.6999969482422,14.4000005722046,6.5,8.30000019073486,15.1000003814697,51.212,906,9.93200016021729,0,0,0,99.1999969482422,99.5,0.300000011920929,1.39999997615814,20.2999992370605
"96",1810000,"Methuen",244.11637878418,49.5,24.8999996185303,5.80000019073486,12.8999996185303,25.5,8.14479637145996,2,2,1,41.7000007629395,34.6999969482422,10.3000001907349,9.60000038146973,15.3999996185303,60.72,2004,9.65200042724609,0,0,0,99.8000030517578,99.8000030517578,0.800000011920929,2.59999990463257,21.1000003814697
"97",1820000,"Middleborough",246.896179199219,47.2000007629395,5.19999980926514,0.200000002980232,16.7000007629395,20.2000007629395,14.4836139678955,2,2,2,42.7000007629395,22.7999992370605,24.6000003814697,9.19999980926514,15.8999996185303,54.056,893,10.1599998474121,0,0,0,98.6999969482422,99,5.09999990463257,4.80000019073486,19.3999996185303
"98",1850000,"Milford",253.396072387695,48.5999984741211,16.7999992370605,5.09999990463257,15.3999996185303,19.8999996185303,6.58436250686646,2,2,1,66.4000015258789,11.4000005722046,5,8.10000038146973,13.5,53.22,1154,10.5559997558594,0,0,0,99,98.9000015258789,2.59999990463257,3.20000004768372,18.7999992370605
"99",1860000,"Millbury",251.562911987305,49.2999992370605,5,0.100000001490116,17.6000003814697,18.2000007629395,26.8456363677979,2,2,2,51.3000030517578,34.5,8.80000019073486,8.19999980926514,13.8999996185303,62.902,631,10.3970003128052,0,0,0,100,98.9000015258789,6.90000009536743,5.19999980926514,18
"100",1870000,"Millis",257.152954101562,50.4000015258789,3.09999990463257,0.400000005960464,15.6000003814697,12.3999996185303,1.17647063732147,2,2,2,89.5,5.30000019073486,0,7.09999990463257,15.1000003814697,58.979,326,9.46000003814697,0,0,0,99,100,0.100000001490116,0.600000023841858,19.2000007629395
"101",1890000,"Milton",252.74658203125,49,23.6000003814697,0.699999988079071,15.1999998092651,10.6999998092651,4.72727251052856,2,3,1,79.4000015258789,13.2000007629395,4.10000038146973,7.69999980926514,15.3000001907349,59.412,1035,11.1820001602173,0,0,0,98.9000015258789,98.9000015258789,1.20000004768372,1.79999995231628,18.7999992370605
"102",1910000,"Monson",252.965515136719,50.7999992370605,2.29999995231628,1,14.1999998092651,16.5,9.19540214538574,3,3,3,63.5999984741211,27.2999992370605,7.90000009536743,7.19999980926514,14.5,49.315,416,9.07499980926514,0,0,0,96.3000030517578,96.3000030517578,0.600000023841858,2.09999990463257,19.3999996185303
"103",1970000,"Nantucket",253.319152832031,48.5999984741211,21.6000003814697,2.59999990463257,13.1999998092651,5.90000009536743,5.61797761917114,2,2,3,73.4000015258789,10.7000007629395,8.5,10.1000003814697,11,70.781,407,18.8990001678467,0,0,0,96.9000015258789,90,1.89999997615814,2.59999990463257,16.7000007629395
"104",1980000,"Natick",255.5,48.2999992370605,5.59999990463257,0.800000011920929,14.8999996185303,7.40000009536743,4.65949869155884,2,3,1,76.6000061035156,12,9.69999980926514,7.19999980926514,14.3000001907349,53.816,1255,11.7150001525879,0,0,0,99.5999984741211,98.4000015258789,0.100000001490116,0.600000023841858,19.5
"105",1990000,"Needham",262.983612060547,48.2999992370605,6.20000028610229,0.899999976158142,12.3999996185303,3,3.94703483581543,3,3,3,93.5999984741211,1.20000004768372,1.20000004768372,5.09999990463257,14.5,63.324,1385,12.0699996948242,0,0,0,99.4000015258789,100,0.600000023841858,1,19.2999992370605
"106",2010000,"New Bedford",238.470397949219,47.7000007629395,39.2000007629395,4.19999980926514,18.7000007629395,66,14.9253730773926,2,1,1,40.7000007629395,38.5,14.5,11.8000001907349,15,58.435,3185,11.8430004119873,1,0,0,98.6999969482422,90.9000015258789,8.10000038146973,6.30000019073486,16.8999996185303
"107",2040000,"Newburyport",258.295867919922,49,3.60000014305115,0.400000005960464,16.8999996185303,7.19999980926514,11.0429439544678,3,3,3,73.4000015258789,14.9000005722046,2.59999990463257,7.59999990463257,14.5,52.808,754,11.4580001831055,0,0,0,100,100,0,0.600000023841858,17.8999996185303
"108",2070000,"Newton",260.088989257812,48.7000007629395,11.4000005722046,5.59999990463257,18.7999992370605,6.90000009536743,12.3798084259033,2,3,3,80.8000030517578,3.90000009536743,0.300000011920929,7.19999980926514,12.3999996185303,67.08,3651,14.5240001678467,0,0,0,99.6999969482422,98.6999969482422,1,1.29999995231628,19.1000003814697
"109",2090000,"North Adams",245.725189208984,49,7.19999980926514,2.20000004768372,19.1000003814697,45.4000015258789,33.8709678649902,1,2,2,54.5999984741211,21.2000007629395,11.4000005722046,9.39999961853027,10.3999996185303,46.25,538,13.8590002059937,0,0,0,95.6999969482422,82.1999969482422,10.3000001907349,6,13.6000003814697
"110",2100000,"Northampton",255.9521484375,49.5999984741211,16.8999996185303,1.60000002384186,20.1000003814697,27.5,9.18367385864258,2,2,3,65.1999969482422,24.8999996185303,3.19999980926514,8.39999961853027,13,50.785,905,10.9820003509521,0,0,0,99.4000015258789,99.4000015258789,2.09999990463257,1.89999997615814,16
"111",2110000,"North Andover",255.57014465332,49.5999984741211,5.70000028610229,1.39999997615814,12,6.59999990463257,9.12501335144043,2,3,2,74.1999969482422,16.6999988555908,4.09999990463257,8.19999980926514,19.5,54.773,1321,9.66100025177002,0,0,0,99.4000015258789,99.4000015258789,0,0.800000011920929,22
"112",2120000,"North Attleborough",253.773971557617,48.7999992370605,3.69999980926514,0.899999976158142,17,10.1000003814697,14.705883026123,2,2,2,69.1000061035156,11.4000005722046,15.6999998092651,8.19999980926514,16,58.46,1263,9.38099956512451,0,0,0,100,99.6999969482422,0.5,1.89999997615814,18.3999996185303
"113",2140000,"Northbridge",247.543212890625,48.7000007629395,4,0.300000011920929,15.8999996185303,21.3999996185303,2.56410264968872,2,2,3,58.2000007629395,21.8000011444092,14.5,9.5,19.1000003814697,55.396,699,10.5509996414185,0,0,0,99.4000015258789,99.8000030517578,0.200000002980232,1,19
"114",2150000,"North Brookfield",250.697677612305,50.7999992370605,2.09999990463257,0,16.3999996185303,26,0,2,3,3,44.5999984741211,35.7000007629395,10.6999998092651,8.89999961853027,12.6999998092651,52.675,209,9.9350004196167,0,0,0,98.5,100,0.699999988079071,2.09999990463257,13.5
"115",2170000,"North Reading",257.643981933594,49.0999984741211,2.09999990463257,0.600000023841858,14.1999998092651,4.09999990463257,5.26315784454346,3,3,3,75,17.2999992370605,3.59999990463257,6.59999990463257,16.3999996185303,56.344,731,9.04899978637695,0,0,0,100,98.5999984741211,0.899999976158142,1.70000004768372,20.7000007629395
"116",2180000,"Norton",256.382507324219,47.9000015258789,2.5,0,19.8999996185303,12,4.44444465637207,3,3,3,59.8000030517578,22.4000015258789,13.8000001907349,7.40000009536743,16.2999992370605,59.013,724,9.9709997177124,0,0,0,100,100,0.300000011920929,2.5,18.5
"117",2190000,"Norwell",262.685699462891,49.0999984741211,1.89999997615814,0.100000001490116,16.8999996185303,2,5.26315784454346,2,3,2,97.9000015258789,2.09999990463257,0,6.90000009536743,16.7000007629395,65.508,640,10.2080001831055,0,0,0,100,99.3000030517578,0,0.5,18.3999996185303
"118",2200000,"Norwood",249.353378295898,49.5999984741211,12.8000001907349,4.19999980926514,19,21.6000003814697,8.74524688720703,2,2,3,73.3000030517578,17.5,5.19999980926514,8.30000019073486,13.5,51.178,1085,12.0389995574951,0,0,0,99.6999969482422,100,0,2.79999995231628,17.8999996185303
"119",2260000,"Oxford",244.057968139648,46.2999992370605,7.5,0.300000011920929,16.1000003814697,20.7999992370605,12.7819538116455,1,2,1,51.1999969482422,24.7999992370605,8,8.30000019073486,14.6999998092651,57.284,561,9.58800029754639,0,0,0,97.0999984741211,99.3000030517578,6.5,3.40000009536743,16.7999992370605
"120",2270000,"Palmer",249.734375,48.0999984741211,4.40000009536743,0.300000011920929,17.7000007629395,28.2999992370605,10.9375,3,2,3,38.2999992370605,37.2999992370605,13.8000001907349,7.5,13.5,43.363,483,10.8039999008179,0,0,0,100,99.1999969482422,4.69999980926514,5.19999980926514,16.2999992370605
"121",2290000,"Peabody",248.38249206543,48.5999984741211,13.8000001907349,4.69999980926514,17.5,23.3999996185303,3.84615397453308,2,2,2,66,20.3999996185303,9.40000057220459,9.30000019073486,13.8000001907349,56.736,1893,11.2670001983643,0,0,0,99.3000030517578,98.1999969482422,2.09999990463257,2.20000004768372,18
"122",2310000,"Pembroke",252.160003662109,48.2999992370605,0.900000035762787,0,11.8000001907349,10.3000001907349,16.0000019073486,2,3,3,58.7000007629395,29.7000007629395,9.69999980926514,8.60000038146973,16.5,57.466,926,8.98900032043457,0,0,0,99.5,99.5999984741211,0.400000005960464,0.699999988079071,20.6000003814697
"123",2360000,"Pittsfield",243.313079833984,48.2999992370605,16.6999988555908,3.5,16.7999992370605,43.5,17.9894180297852,2,2,1,36.7000007629395,38.7000007629395,13.6000003814697,9.30000019073486,12.3000001907349,54.811,2012,11.4870004653931,1,0,0,97.6999969482422,92.8000030517578,5.30000019073486,6.30000019073486,16.7999992370605
"124",2390000,"Plymouth",248.14729309082,48.4000015258789,5.40000009536743,0.600000023841858,16.8999996185303,21.7000007629395,7.62331771850586,2,3,2,47.2999992370605,19.7000007629395,21.3999996185303,8.89999961853027,13.8999996185303,60.512,2566,11.2709999084473,0,0,0,99.5,97.5,0.699999988079071,4.19999980926514,17.5
"125",2420000,"Provincetown",248.923080444336,56.4000015258789,19.5,5.59999990463257,27.6000003814697,31.2999992370605,7.69230794906616,1,1,2,58.4000015258789,25,8.30000019073486,11.6999998092651,6.30000019073486,57.877,70,25.0990009307861,0,0,0,100,100,NA,NA,9.69999980926514
"126",2430000,"Quincy",250.370132446289,46.7000007629395,10,12.5,16.7999992370605,37.2999992370605,5.62248992919922,2,2,1,47.4000015258789,14.3000001907349,9.39999961853027,9.5,12.6000003814697,58.655,2916,12.2950000762939,0,0,0,99.3000030517578,100,0.200000002980232,3.20000004768372,19
"127",2440000,"Randolph",244.483520507812,46.5999984741211,59.8999977111816,8.69999980926514,22,43.0999984741211,3.9325840473175,1,2,2,67.4000015258789,15,15.1000003814697,8.69999980926514,14.8000001907349,53.673,870,10.6400003433228,0,0,0,99.5999984741211,96.6999969482422,0.699999988079071,5.40000009536743,26.8999996185303
"128",2460000,"Reading",257.828033447266,48.2000007629395,3,0.400000005960464,16.7999992370605,3.59999990463257,6.77419376373291,3,3,2,79.5,9.69999980926514,4.20000028610229,6.69999980926514,15.5,55.008,1259,10.1490001678467,0,0,0,99.5,98.3000030517578,0.400000005960464,1,19.3999996185303
"129",2480000,"Revere",250.459533691406,48.7999992370605,41.2000007629395,10.1999998092651,14,62.2999992370605,7.07964611053467,2,2,1,45.7999992370605,31.6000003814697,16.6999988555908,8.69999980926514,14.3999996185303,60.658,1597,11.0170001983643,1,0,0,99.5999984741211,100,0.200000002980232,3.09999990463257,19.7000007629395
"130",2510000,"Rockland",249.078018188477,47.7999992370605,9.19999980926514,1.79999995231628,16.1000003814697,21.1000003814697,2.30769228935242,2,2,1,63.1999969482422,20.8999996185303,9.80000019073486,9.39999961853027,16.8999996185303,52.725,674,10.3629999160767,0,0,0,100,100,0.100000001490116,2.20000004768372,18.2999992370605
"131",2520000,"Rockport",250.255325317383,47.7999992370605,3.5,0.200000002980232,18.3999996185303,12.1999998092651,10.8695650100708,2,3,3,68,16,10.6000003814697,8,12.5,55.841,357,12.0989999771118,0,0,0,100,100,1.60000002384186,1.89999997615814,15.5
"132",2580000,"Salem",243.365310668945,48.5999984741211,36.7999992370605,10.3000001907349,20.8999996185303,43.0999984741211,12.5,2,2,1,27,56.9000015258789,8.39999961853027,10.8000001907349,10.5,49.602,1313,13.664999961853,0,0,0,99,98.9000015258789,4.59999990463257,4.5,16.8999996185303
"133",2610000,"Sandwich",258.056213378906,48.2000007629395,1.20000004768372,0.100000001490116,15.6999998092651,6,3.62903213500977,2,2,2,68,17.3999996185303,3.29999995231628,7.59999990463257,15.1999998092651,55.354,1020,9.5600004196167,0,0,0,98.9000015258789,98.9000015258789,0.699999988079071,1.39999997615814,17.7000007629395
"134",2620000,"Saugus",249.405120849609,49,9.30000019073486,1.29999995231628,14.3000001907349,14.5,8.51063919067383,2,2,1,52.7000007629395,23.4000015258789,2.90000009536743,9.80000019073486,16.2000007629395,55.293,847,10.8249998092651,0,0,0,100,99.5999984741211,6.09999990463257,4.59999990463257,18.3999996185303
"135",2640000,"Scituate",255.980865478516,49.7999992370605,3.10000014305115,0.899999976158142,13.1999998092651,5,8.86588001251221,2,3,2,82.1999969482422,7.59999990463257,0.800000011920929,8.80000019073486,13.3000001907349,59.935,875,9.7810001373291,0,0,0,100,99.5,0.200000002980232,0.600000023841858,18.7999992370605
"136",2650000,"Seekonk",245.358489990234,49.9000015258789,2.79999995231628,0.300000011920929,12.1000003814697,8.5,5.1282057762146,2,3,3,56,23.7000007629395,15.3000001907349,7.59999990463257,15.6000003814697,61.779,655,9.53499984741211,0,0,0,99.9000015258789,99.6999969482422,4.30000019073486,2.79999995231628,18.7999992370605
"137",2660000,"Sharon",264.530456542969,50,8,0.899999976158142,13,3.20000004768372,2.21402192115784,3,3,1,93.5999984741211,3.20000004768372,0.400000005960464,6.90000009536743,13.6000003814697,58.91,1094,12.2040004730225,0,0,0,99.9000015258789,99.5,2.09999990463257,1.5,18.3999996185303
"138",2710000,"Shrewsbury",259.340087890625,49,6.19999980926514,3.09999990463257,16.2000007629395,9.39999961853027,5.60000038146973,2,3,3,78.0999984741211,13.1999998092651,1.60000002384186,6.59999990463257,16.2000007629395,56.027,1629,9.0930004119873,0,0,0,99.3000030517578,99.5999984741211,0,0.200000002980232,24
"139",2730000,"Somerset",253.692306518555,49.7999992370605,1.89999997615814,0,10.6000003814697,10.6999998092651,9.5238094329834,2,3,2,58,31.8999996185303,6.69999980926514,8,12.5,53.973,990,11.1190004348755,0,0,0,100,99.5,0.5,1.29999995231628,20.3999996185303
"140",2740000,"Somerville",243.031356811523,48.2000007629395,48.8000030517578,17.7000007629395,23.6000003814697,64.9000015258789,18.5483875274658,2,2,3,39,29.9000015258789,22.2999992370605,10.6999998092651,12.3999996185303,62.439,1468,15.3690004348755,1,0,0,97.9000015258789,99.5,1.5,3.20000004768372,18
"141",2770000,"Southbridge",235.031585693359,48.5999984741211,39.5,7.09999990463257,17.3999996185303,64.4000015258789,14.8936166763306,1,1,3,29.4000015258789,28.2000007629395,35.2999992370605,11.8000001907349,12.5,59.115,386,12.6260004043579,0,0,0,96.0999984741211,97.0999984741211,5.19999980926514,11.3000001907349,19.2999992370605
"142",2780000,"South Hadley",250.100006103516,51.2000007629395,8.19999980926514,0.699999988079071,16.3999996185303,16.1000003814697,22.9166660308838,2,3,3,51.9000015258789,34.5999984741211,9,9.10000038146973,13.8000001907349,53.236,732,10.3249998092651,0,0,0,98.5999984741211,99.1999969482422,5.69999980926514,3.09999990463257,15.6000003814697
"143",2810000,"Springfield",234.962585449219,48,77,13,23.2000007629395,78.5,9.29878044128418,2,1,1,27.5,39.2000007629395,9.69999980926514,17.2000007629395,11.3999996185303,53.452,6952,12.4429998397827,1,0,0,95.5999984741211,94.3000030517578,7.09999990463257,10.5,17.3999996185303
"144",2840000,"Stoneham",251.736846923828,49.2000007629395,5.30000019073486,2.09999990463257,18.5,11.6999998092651,5.34759378433228,3,3,2,66.4000015258789,21.3999996185303,5.30000019073486,7.09999990463257,14.1000003814697,55.038,792,9.96100044250488,0,0,0,100,100,0.100000001490116,3.29999995231628,15.8999996185303
"145",2850000,"Stoughton",251.148788452148,48.4000015258789,17.8999996185303,3.90000009536743,15.3999996185303,22.2999992370605,11.5384616851807,2,2,1,64.5999984741211,22.6999988555908,9.30000019073486,10.3000001907349,13.1000003814697,61.143,1154,10.2819995880127,0,0,0,100,100,5.40000009536743,4.59999990463257,16.8999996185303
"146",2900000,"Sutton",256.638305664062,51.0999984741211,1.79999995231628,0,18.2000007629395,8.10000038146973,8.35331344604492,2,3,2,72.6000061035156,12.6000003814697,8.39999961853027,7.40000009536743,14.8999996185303,51.782,400,9.06799983978271,0,0,0,98,98.5999984741211,NA,NA,20.5
"147",2910000,"Swampscott",253.057144165039,50.5999984741211,5.69999980926514,1.60000002384186,15.3000001907349,8.80000019073486,6.03015089035034,2,3,2,94.4000015258789,0,0.5,8.30000019073486,13.5,57.68,800,10.6879997253418,0,0,0,99.1999969482422,98.9000015258789,0.100000001490116,2.09999990463257,20.2999992370605
"148",2920000,"Swansea",249.560287475586,48.5999984741211,2.20000004768372,0.699999988079071,15.5,10.8000001907349,9.2857141494751,2,3,1,49,28.7000007629395,13.3000001907349,9.19999980926514,13.6999998092651,48.87,567,10.8450002670288,0,0,0,100,99.5,5.80000019073486,1.79999995231628,17
"149",2930000,"Taunton",248.401870727539,47.7000007629395,19.8000011444092,2.09999990463257,16.7000007629395,38.2999992370605,14.7783250808716,1,2,1,45.5,25.1000003814697,16.6999988555908,7.19999980926514,15.8000001907349,61.664,1909,10.2229995727539,1,0,0,99.4000015258789,99.5,1.39999997615814,6.5,20.2999992370605
"150",2950000,"Tewksbury",253.583999633789,49.0999984741211,2.5,0.200000002980232,17,6.19999980926514,6.66666698455811,3,2,1,70.8000030517578,15.4000005722046,3.90000009536743,7.30000019073486,17.5,59.146,1128,9.14299964904785,0,0,0,100,100,0,3.29999995231628,20.2000007629395
"151",3010000,"Tyngsborough",256.184387207031,48.2999992370605,2.09999990463257,0.400000005960464,12.3999996185303,4.59999990463257,8.86107730865479,3,3,2,82.3000030517578,11.8000001907349,3.90000009536743,8.80000019073486,14.3000001907349,55.281,576,9.29699993133545,0,0,0,98.5,98.5,0.100000001490116,0.899999976158142,19.2000007629395
"152",3040000,"Uxbridge",250.140350341797,47,4.59999990463257,1.10000002384186,15.1000003814697,14.6999998092651,12.6126127243042,2,2,2,63.6999969482422,17.6999988555908,18.5,8.19999980926514,13.8000001907349,56.069,460,10.1560001373291,0,0,0,100,99.6999969482422,0.400000005960464,1.39999997615814,18.5
"153",3050000,"Wakefield",256.853454589844,50.0999984741211,3.79999995231628,0.5,17.2999992370605,7.30000019073486,17.9824562072754,2,3,3,68.5,20,8.19999980926514,8.30000019073486,13.3000001907349,57.274,967,10.7040004730225,0,0,0,99.1999969482422,99.5,0.200000002980232,2.09999990463257,19
"154",3070000,"Walpole",255.562728881836,50.2999992370605,6.19999980926514,1.39999997615814,16.7999992370605,7.69999980926514,3.01724147796631,2,3,2,80.1999969482422,10.0999994277954,4,6.40000009536743,14.8999996185303,55.38,1121,10.4700002670288,0,0,0,100,99.9000015258789,1.29999995231628,1.10000002384186,20.7000007629395
"155",3080000,"Waltham",249.239761352539,47.2000007629395,36.4000015258789,9.60000038146973,22.5,37,9.61538505554199,2,2,2,55.4000015258789,22.3000011444092,11.3000001907349,9.39999961853027,11.3999996185303,60.68,1513,16.5380001068115,0,0,0,100,100,0.600000023841858,2.5,15.6999998092651
"156",3090000,"Ware",251.413330078125,47.2000007629395,7.5,0.699999988079071,17.6000003814697,46.7000007629395,17.5675678253174,2,3,3,39.5999984741211,46.5999984741211,10.3000001907349,9.69999980926514,13.6000003814697,53.226,304,11.8299999237061,0,0,0,97.8000030517578,95.8000030517578,4.40000009536743,5.30000019073486,20.7000007629395
"157",3100000,"Wareham",244.095687866211,47.4000015258789,14.1999998092651,0.200000002980232,17.1000003814697,40.2999992370605,13.3004932403564,2,2,2,44.0999984741211,30.5,18.2999992370605,8.69999980926514,15,59.082,948,10.5719995498657,0,0,0,98.3000030517578,98.3000030517578,5,10,15.8000001907349
"158",3140000,"Watertown",254.436782836914,48.5,12.4000005722046,9.60000038146973,18.2000007629395,21.7000007629395,11.6279067993164,2,2,3,69.3000030517578,14.8000001907349,9,9.80000019073486,11.1000003814697,61.589,706,15.3409996032715,0,0,0,100,99.5999984741211,2.90000009536743,1.29999995231628,16.7000007629395
"159",3150000,"Wayland",262.761474609375,48.0999984741211,7.89999961853027,0.200000002980232,18.2999992370605,5.09999990463257,4.42876005172729,3,3,2,90.6000061035156,1.69999992847443,0.800000011920929,6,13.3999996185303,64.037,906,13.21399974823,0,0,0,99.3000030517578,100,0.699999988079071,0.5,17
"160",3160000,"Webster",248.240509033203,49.7999992370605,19,3,15.5,42.4000015258789,22.2222232818604,1,1,1,44.4000015258789,34.0999984741211,18.8000011444092,9.69999980926514,14.3000001907349,59.584,548,10.6619997024536,0,0,0,99.3000030517578,97.5999984741211,8.80000019073486,7.69999980926514,18.7000007629395
"161",3170000,"Wellesley",261.6845703125,50.0999984741211,7.89999961853027,1.60000002384186,15.8999996185303,3.90000009536743,10,3,3,3,93.2000045776367,0.800000011920929,2.5,6.59999990463257,13.8999996185303,69.784,1211,12.7760000228882,0,0,0,98.6999969482422,97.4000015258789,0.400000005960464,0.800000011920929,16.7999992370605
"162",3210000,"Westborough",261.231872558594,48.5999984741211,6.29999971389771,7.30000019073486,12.6000003814697,5.40000009536743,5.12813901901245,2,3,3,84.1000061035156,12.5,1.5,5.80000019073486,13.6999998092651,62.275,1110,12.5550003051758,0,0,0,99.8000030517578,99.8000030517578,0.200000002980232,0.699999988079071,16.6000003814697
"163",3220000,"West Boylston",258.769226074219,50.2999992370605,4.30000019073486,0.400000005960464,12.5,10.6999998092651,6.59340715408325,2,3,2,67.0999984741211,18.3999996185303,7.90000009536743,6.80000019073486,13.3000001907349,56.144,342,10.3979997634888,0,0,0,100,100,1.10000002384186,3.59999990463257,17
"164",3230000,"West Bridgewater",257.663360595703,50.5999984741211,3.79999995231628,0,11.1000003814697,9.69999980926514,5,2,2,2,77,19,1.39999997615814,7.5,15.1999998092651,49.294,388,9.68200016021729,0,0,0,100,100,0,1.29999995231628,20.1000003814697
"165",3250000,"Westfield",244.785583496094,47.5,10.8999996185303,3.70000004768372,17.5,29.5,15.8501443862915,2,3,1,40.5999984741211,37.7000007629395,13.2999992370605,9.10000038146973,12.3000001907349,44.03,2118,11.3489999771118,0,0,0,99.0999984741211,99.5999984741211,3.70000004768372,6.30000019073486,18
"166",3260000,"Westford",261.739807128906,49.0999984741211,1.10000002384186,0.800000011920929,9.89999961853027,2.5,5.04246425628662,3,3,2,87.5,8.60000038146973,2.20000004768372,5.59999990463257,14.6000003814697,57.672,1580,9.29800033569336,0,0,0,100,99.8000030517578,0.400000005960464,0.400000005960464,19
"167",3300000,"Weston",260.276245117188,48.9000015258789,8.59999942779541,1.70000004768372,14.8999996185303,1.89999997615814,8.62068939208984,2,3,3,96.2000045776367,1.60000002384186,1.10000002384186,5.80000019073486,12.8999996185303,70.617,722,16.4629993438721,0,0,0,100,66.0999984741211,0.400000005960464,1.60000002384186,19.5
"168",3310000,"Westport",244.961242675781,48.7999992370605,2.70000004768372,0.400000005960464,14.8000001907349,12.8999996185303,12.7999992370605,2,3,2,35.2999992370605,46.0999984741211,6.90000009536743,10.3000001907349,15.8000001907349,53.208,524,9.41499996185303,0,0,0,99,96.9000015258789,0.300000011920929,2.20000004768372,17.5
"169",3320000,"West Springfield",245.326858520508,48.2999992370605,16.7999992370605,6.90000009536743,17.7000007629395,39.2000007629395,12.9707117080688,2,2,1,33.7999992370605,46.2999992370605,11.2999992370605,8.69999980926514,13,50.693,1294,11.039999961853,0,0,0,99.5999984741211,99.0999984741211,0.200000002980232,3.79999995231628,16
"170",3350000,"Westwood",262.575744628906,49.5,4.09999990463257,0,14.8999996185303,0.200000002980232,3.74331545829773,2,3,3,92.7999954223633,3.59999990463257,3,6,13.3999996185303,60.159,819,12.4359998703003,0,0,0,100,100,0.300000011920929,0.400000005960464,19.2999992370605
"171",3360000,"Weymouth",249.19450378418,47,7.90000009536743,1.29999995231628,17.2999992370605,18.6000003814697,5.46697044372559,2,3,2,45.4000015258789,21.6999988555908,12.7999992370605,9.60000038146973,14.1000003814697,58.882,2117,11.539999961853,0,0,0,100,97.1999969482422,0,4.30000019073486,19.3999996185303
"172",3420000,"Wilmington",257.071716308594,49.5999984741211,2.79999995231628,0.300000011920929,14.3999996185303,6.40000009536743,3.91304349899292,2,3,2,71,19.1000003814697,4.5,6.80000019073486,14.6999998092651,55.224,1001,10.0290002822876,0,0,0,99.8000030517578,100,2.09999990463257,1.29999995231628,18.2999992370605
"173",3430000,"Winchendon",245.551025390625,49.5,5.90000009536743,0.600000023841858,21.8999996185303,29.8999996185303,35.7894706726074,2,2,1,31.6999988555908,35.4000015258789,30.3999996185303,9,13.1000003814697,51.359,413,10.4499998092651,0,0,0,99.8000030517578,98.9000015258789,4.5,5.5,18
"174",3440000,"Winchester",261.573516845703,48.7000007629395,3.40000009536743,2.20000004768372,15,3.59999990463257,3.77358484268188,3,3,2,89.1999969482422,3.40000009536743,1.10000002384186,7.59999990463257,14.1999998092651,65.744,1101,10.8859996795654,0,0,0,100,99.9000015258789,0.600000023841858,0.300000011920929,19.3999996185303
"175",3460000,"Winthrop",254.655456542969,51.7000007629395,8.19999980926514,3.09999990463257,19,23.3999996185303,5.88235330581665,2,2,1,60.1999969482422,24.5,5.09999990463257,10.6999998092651,13.1999998092651,49.177,542,10.4659996032715,0,0,0,96.8000030517578,95.1999969482422,0.300000011920929,3.20000004768372,19.7999992370605
"176",3470000,"Woburn",248.548782348633,50,12.1999998092651,3.59999990463257,15,20.8999996185303,13.5384616851807,2,3,1,65.3000030517578,16.6000003814697,11.6000003814697,9.30000019073486,13,54.715,1431,12.4870004653931,0,0,0,99.4000015258789,99.5999984741211,0.699999988079071,1.5,17.2000007629395
"177",3480000,"Worcester",241.486480712891,48.4000015258789,49,20.6000003814697,19.8999996185303,65.1999969482422,15.1268119812012,2,1,1,37.5,43.2999992370605,11.6000003814697,10.1000003814697,14.3000001907349,61.445,6958,12.3769998550415,1,0,0,97.3000030517578,98.6999969482422,0,10.5,16.2999992370605
"178",4060000,"Northampton-Smith Vocational Agricultural",239.063491821289,35.7999992370605,9.60000038146973,0.200000002980232,39.5,32.5,24,2,1,3,4.40000009536743,25.6000003814697,60,11.6999998092651,8.89999961853027,51.53,453,16.8819999694824,0,0,0,89.5999984741211,84.5999984741211,3.79999995231628,8.10000038146973,12.3000001907349
"179",4120000,"Academy Of the Pacific Rim Charter Public (Distric",259.804870605469,50,72.9000015258789,1.29999995231628,13.1000003814697,51.9000015258789,7.1456937789917,3,3,2,91.2000045776367,5.90000009536743,0,6.90000009536743,12.3999996185303,44.22917578125,166,14.5556049346924,0,1,0,55.9000015258789,100,13.1000003814697,17,22.7999992370605
"180",4130000,"Four Rivers Charter Public (District)",252.285720825195,43,2.59999990463257,0,18.1000003814697,20.7000007629395,3.57142877578735,2,3,3,42.7999992370605,50,0,10.8000001907349,10.1000003814697,43.3988671875,121,11.8708896636963,0,1,0,66.4000015258789,93.5,8.30000019073486,5.5,13.8000001907349
"181",4150000,"Academy of Strategic Learning Charter (District)",223.818176269531,39.5999984741211,6.29999971389771,0,41.7000007629395,41.7000007629395,100,1,3,3,10,70,20,16,11.8999996185303,50.574546875,38,22.0853672027588,0,1,0,80.1999969482422,75,NA,NA,14.3000001907349
"182",4240000,"Boston Day and Evening Academy Charter (District)",227.810806274414,59.2000007629395,94,0,10.5,97,26.9819622039795,1,1,1,24,38,4.19999980926514,20,12.3999996185303,46.0795078125,267,11.0088939666748,0,1,0,88.5999984741211,96.3000030517578,0,6.09999990463257,14.1999998092651
"183",4340000,"Champion Charter (District)",229.259262084961,53.2999992370605,57.8000030517578,0,16.2999992370605,51.9000015258789,50,1,1,2,27.2999992370605,45.5,18.2000007629395,31.3999996185303,12.3000001907349,42.96962109375,135,16.854118347168,0,1,0,NA,NA,NA,NA,NA
"184",4370000,"City On A Hill Charter Public (District)",246.309524536133,53.5,91.8000030517578,0.400000005960464,10.3000001907349,57.0999984741211,9.87654304504395,3,2,1,62.9000015258789,37.0999984741211,0,12.3999996185303,15.1999998092651,39.8208984375,282,12.572699546814,0,1,0,79,95.3000030517578,0,40.9000015258789,13.1000003814697
"185",4380000,"Codman Academy Charter Public (District)",247.866668701172,55.7999992370605,98.3000030517578,0,20.7999992370605,68.3000030517578,14.7170486450195,2,2,2,100,0,0,7.30000019073486,9.19999980926514,52.81445703125,120,18.9348888397217,0,1,0,48.9000015258789,100,0.699999988079071,17.8999996185303,23.3999996185303
"186",4410000,"Sabis International Charter (District)",254.228576660156,52,58.5,1.10000002384186,10.3999996185303,43.5,8.69565200805664,3,2,2,60.0999984741211,37.5,0,5.19999980926514,20.6000003814697,47.5209140625,401,11.741358757019,0,1,0,86.1999969482422,100,7.40000009536743,9.10000038146973,25.5
"187",4450000,"Abby Kelley Foster Charter Public (District)",246.372085571289,50.7999992370605,50.2999992370605,3.79999995231628,6.59999990463257,52.7000007629395,18.4210529327393,2,2,1,59.1000022888184,40.9000015258789,0,7,16,45.6039140625,182,10.9646511077881,0,1,0,94.5999984741211,100,0.5,5.5,19.1000003814697
"188",4460000,"Foxborough Regional Charter (District)",253.611114501953,53.0999984741211,14.6999998092651,0.899999976158142,6.80000019073486,9.60000038146973,5.55555582046509,3,3,1,71.9000015258789,21.8999996185303,6.30000019073486,6.69999980926514,14.1999998092651,49.67716015625,139,10.5237493515015,0,1,0,79,92.4000015258789,4.09999990463257,3,23.7999992370605
"189",4490000,"Boston Collegiate Charter (District)",261.567565917969,53.5999984741211,34,0,16.5,42,5.26315784454346,3,3,2,100,0,0,7.90000009536743,11.6000003814697,51.58398046875,120,14.4351654052734,0,1,0,59.7000007629395,100,2.70000004768372,10.1000003814697,20.7000007629395
"190",4520000,"Health Careers Academy Charter (District)",242.58332824707,74.5,87.0999984741211,0,11.1000003814697,63.9000015258789,2.12765955924988,2,1,3,56.7999992370605,34.2999992370605,1.5,8.89999961853027,11.3999996185303,50.4888125,208,11.4277334213257,0,1,0,86.6999969482422,91.1999969482422,0,6.40000009536743,16.7000007629395
"191",4690000,"MATCH Charter Public High (District)",261.071441650391,55.9000015258789,91.4000015258789,0,11.3000001907349,70.6999969482422,5.35714292526245,2,2,2,100,0,0,8,15.8999996185303,46.4803984375,222,14.8796319961548,0,1,0,50.4000015258789,94.8000030517578,0,4.09999990463257,21
"192",4700000,"Mystic Valley Regional Charter (District)",254.923080444336,52.4000015258789,20.5,0,9.39999961853027,16.7999992370605,9.49869441986084,3,3,2,100,0,0,9.19999980926514,14.3999996185303,52.45564453125,216,13.6164331436157,0,1,0,67.9000015258789,80.0999984741211,2.70000004768372,1.89999997615814,25.7000007629395
"193",4710000,"New Leadership Charter (District)",240.576919555664,53.7000007629395,96,0,7.09999990463257,54.2999992370605,18.6281719207764,1,1,2,100,0,0,11,11.6000003814697,49.887375,229,12.8891105651855,0,1,0,NA,NA,0,6.80000019073486,14
"194",4740000,"North Central Charter Essential (District)",245.300003051758,48.5,13.3000001907349,0,20.1000003814697,33,9.09090900421143,1,2,3,47.7000007629395,38.0999984741211,4.80000019073486,11.5,10,48.5015625,211,12.8646974563599,0,1,0,87.1999969482422,99.1999969482422,1.10000002384186,12.3999996185303,12.5
"195",4780000,"Francis W. Parker Charter Essential (District)",258.517242431641,45.5999984741211,2.09999990463257,0,10.6000003814697,0.300000011920929,0,2,3,3,87.9000015258789,5.19999980926514,3.40000009536743,8.89999961853027,8.80000019073486,53.0751640625,239,11.5691728591919,0,1,0,74.3000030517578,100,NA,NA,17.3999996185303
"196",4790000,"Pioneer Valley Performing Arts Charter Public (Dis",248.639999389648,60.2000007629395,18.2999992370605,0.5,12.3000001907349,10.8000001907349,12.7998743057251,1,2,2,61.0999984741211,20.7999992370605,5.59999990463257,10.5,10.5,43.7565625,324,12.1725568771362,0,1,0,60.2999992370605,93,0,3.59999990463257,11.3999996185303
"197",4870000,"Prospect Hill Academy Charter (District)",258.542358398438,52.2999992370605,75.3000030517578,1,6.69999980926514,50.7999992370605,7.63126373291016,2,3,2,96.3000030517578,0,0,9.69999980926514,13.1999998092651,49.9897109375,253,12.217848777771,0,1,0,70.5,84,2,5.69999980926514,22.3999996185303
"198",4880000,"South Shore Charter Public (District)",243.128204345703,45.0999984741211,21.7000007629395,0,17,18.7000007629395,20,1,3,3,69,27.5,0,8.60000038146973,13,49.9479375,147,13.5627212524414,0,1,0,77.0999984741211,99.5999984741211,0.200000002980232,2.20000004768372,17.2000007629395
"199",4890000,"Sturgis Charter Public (District)",257.898986816406,52.7999992370605,5.69999980926514,0,11.6000003814697,10.1999998092651,4.16666698455811,1,3,3,70.9000015258789,22.6000003814697,3.20000004768372,9,10.6000003814697,44.243125,352,11.7434177398682,0,1,0,41.2999992370605,100,0,2.79999995231628,15.1000003814697
"200",4930000,"Phoenix Charter Academy (District)",225.647064208984,58.5,77.1999969482422,7.30000019073486,13.8000001907349,91.9000015258789,34.6153869628906,1,1,2,33.4000015258789,66.6999969482422,0,32.5999984741211,12.1000003814697,31.4047890625,123,15.2283029556274,0,1,0,62.2999992370605,47.2000007629395,0,14.1999998092651,10.6999998092651
"201",4960000,"Global Learning Charter Public  (District)",245.66667175293,57.4000015258789,36.7000007629395,0,8.30000019073486,68,50,2,1,3,64.3000030517578,28.6000003814697,0,7.80000019073486,10.5,45.29619921875,83,12.6858158111572,0,1,0,86.8000030517578,96.9000015258789,4.80000019073486,10.3000001907349,15.8999996185303
"202",6000000,"Acton-Boxborough",264.034851074219,47.9000015258789,3.70000004768372,1.10000002384186,14.1000003814697,2.5,6.77570104598999,3,3,3,94.4000015258789,3.19999980926514,0.600000023841858,5.69999980926514,17,63.282,1958,11.5819997787476,0,0,0,99.5,100,0.300000011920929,1.79999995231628,21
"203",6030000,"Adams-Cheshire",248.396041870117,48.5,4.59999990463257,0.300000011920929,14.1000003814697,32,6.93069314956665,2,2,3,46,42.5,10.3000001907349,9.19999980926514,13.3999996185303,52.871,461,11.0930004119873,0,0,0,98,95.1999969482422,0.600000023841858,3.40000009536743,16.1000003814697
"204",6050000,"Amherst-Pelham",257.498168945312,51.2000007629395,17.7999992370605,2.70000004768372,18.7999992370605,17.2000007629395,10.486891746521,2,3,3,71.4000015258789,14.5999994277954,9.39999961853027,12,12.1000003814697,56.386,1219,15.1540002822876,0,0,0,99.1999969482422,95.6999969482422,3,4,13.5
"205",6100000,"Ashburnham-Westminster",256.449188232422,48.0999984741211,4.69999980926514,0.100000001490116,20.1000003814697,11.1999998092651,14.4385023117065,2,2,3,61.1000022888184,27.5,7.80000019073486,7.19999980926514,16,60.157,710,10.3140001296997,0,0,0,99.3000030517578,99.4000015258789,1,1,18.8999996185303
"206",6150000,"Athol-Royalston",249.788467407227,46.0999984741211,5.19999980926514,0.899999976158142,3.59999990463257,42.4000015258789,9.80392169952393,1,1,2,37.2999992370605,27.1000003814697,27.0999984741211,12.3000001907349,14.3000001907349,54.009,534,10.9099998474121,0,0,0,99.0999984741211,99,0.400000005960464,9.39999961853027,17.2999992370605
"207",6180000,"Berkshire Hills",252.100631713867,47.9000015258789,6.90000009536743,1.79999995231628,15.8999996185303,17.2000007629395,8.72483158111572,2,2,2,56.0999984741211,13.9000005722046,0.800000011920929,12.6000003814697,10.6999998092651,53.708,647,13.460000038147,0,0,0,100,99.0999984741211,0.800000011920929,2.90000009536743,15.6000003814697
"208",6200000,"Berlin-Boylston",255.701156616211,54,3.89999985694885,0.200000002980232,13,7.69999980926514,0,2,3,1,75.0999984741211,18.7999992370605,3.20000004768372,10.8000001907349,13.3000001907349,56.084,300,12.2530002593994,0,0,0,100,100,1.79999995231628,3.59999990463257,16.5
"209",6220000,"Blackstone-Millville",250.978424072266,49.5,3.59999990463257,0.699999988079071,16.3999996185303,13.6999998092651,6.10687017440796,2,2,2,56.2000007629395,24.0999984741211,14.6000003814697,7.40000009536743,13.8000001907349,56.436,573,9.36100006103516,0,0,0,97.8000030517578,98.1999969482422,7.5,3.59999990463257,18.7000007629395
"210",6250000,"Bridgewater-Raynham",252.829666137695,48.4000015258789,5,0.200000002980232,16.7000007629395,9.69999980926514,5.24861907958984,2,3,1,68.1000061035156,14.9000005722046,1.20000004768372,7.19999980926514,18.3999996185303,64.056,1443,9.08199977874756,0,0,0,100,99.8000030517578,2.09999990463257,1.5,21.3999996185303
"211",6350000,"Central Berkshire",250.464080810547,47.0999984741211,3,0,17.5,22,11.0497236251831,2,2,1,43.0999984741211,41.4000015258789,12.1999998092651,8.89999961853027,14.6000003814697,58.32,685,10.8839998245239,0,0,0,99.3000030517578,98.8000030517578,4.80000019073486,2.90000009536743,15.8000001907349
"212",6400000,"Concord-Carlisle",261.896667480469,52.7999992370605,8.19999980926514,0.200000002980232,15.6000003814697,2.40000009536743,4.02476787567139,3,3,3,94.2000045776367,1.39999997615814,0.600000023841858,7.30000019073486,12.8999996185303,70.262,1258,16.3309993743896,0,0,0,100,100,0.200000002980232,0.5,18.1000003814697
"213",6450000,"Dennis-Yarmouth",249.686950683594,48.5,13,3.70000004768372,16.3999996185303,30.6000003814697,17.2043018341064,2,2,3,47.2000007629395,31.5999984741211,18.2000007629395,11.1000003814697,11.8999996185303,59.358,999,11.7259998321533,0,0,0,99.6999969482422,99.1999969482422,1.79999995231628,4,15.6000003814697
"214",6500000,"Dighton-Rehoboth",253.560607910156,46.4000015258789,2.5,0.100000001490116,15.5,7.19999980926514,7.22433471679688,2,3,2,51.7999992370605,22,15.7000007629395,8.89999961853027,15.8999996185303,56.748,1064,9.42000007629395,0,0,0,99.5,100,1.29999995231628,2.5,18.7999992370605
"215",6550000,"Dover-Sherborn",261.924987792969,49.5,3.19999980926514,0,11.1999998092651,0.300000011920929,3.7974681854248,2,3,3,94.3999938964844,2.79999995231628,0,6.59999990463257,11.1000003814697,68.177,580,15.6979999542236,0,0,0,100,100,0.200000002980232,0.5,15.3000001907349
"216",6580000,"Dudley-Charlton Reg",252.052978515625,49.2999992370605,3.80000019073486,0.699999988079071,13.5,10.3000001907349,6.33333301544189,3,3,1,65.9000015258789,18.7999992370605,10.1000003814697,6.80000019073486,15.8000001907349,50.875,1226,9.16899967193604,0,0,0,99.5999984741211,99.5999984741211,4.19999980926514,1.79999995231628,20.6000003814697
"217",6600000,"Nauset",260.738311767578,46.0999984741211,3.5,0.400000005960464,16.8999996185303,11.8000001907349,5.03507566452026,2,3,3,59.7000007629395,19.3999996185303,16.6000003814697,10.8000001907349,11.1000003814697,59.316,1028,13.2189998626709,0,0,0,100,96,2.5,1.20000004768372,15.6999998092651
"218",6650000,"Freetown-Lakeville",251.02392578125,48.5,2.40000009536743,0.100000001490116,16.2000007629395,6.69999980926514,4.49438190460205,2,2,3,61.5,22.3999996185303,7,7.40000009536743,14.3999996185303,57.892,880,9.98900032043457,0,0,0,99.5999984741211,99.5,2.79999995231628,2.40000009536743,20.7999992370605
"219",6700000,"Frontier",254.218185424805,51.7999992370605,3.70000004768372,0.800000011920929,22.2999992370605,15.1999998092651,14.2857131958008,2,2,2,57.5999984741211,28.7999992370605,9.60000038146973,5.40000009536743,11.1000003814697,48.742,466,13.746000289917,0,0,0,99.3000030517578,98.5,0.200000002980232,2.59999990463257,12.6000003814697
"220",6720000,"Gateway",251.763442993164,49.7999992370605,3.5,0.899999976158142,16.2000007629395,26.1000003814697,18.4782600402832,2,2,2,35.5999984741211,40,18.8999996185303,9.19999980926514,11.8000001907349,49.005,369,12.076000213623,0,0,0,97.5999984741211,100,7.30000019073486,2.29999995231628,15.6999998092651
"221",6730000,"Groton-Dunstable",262.609985351562,48.2999992370605,1.29999995231628,0.100000001490116,12.1000003814697,2.70000004768372,21.5,2,3,2,76.4000015258789,15.6000003814697,2,6.69999980926514,16,54.528,856,10.2840003967285,0,0,0,100,100,0.300000011920929,0.699999988079071,18.7000007629395
"222",6740000,"Gill-Montague",247.642852783203,49.9000015258789,8.19999980926514,2.5,18.7000007629395,42.5999984741211,18.987340927124,1,1,2,31.6000003814697,48.0999984741211,16.3999996185303,8.89999961853027,12.6000003814697,54.855,347,13.3000001907349,0,0,0,100,100,1,6,14.3000001907349
"223",6750000,"Hamilton-Wenham",257.863647460938,51.0999984741211,1.10000002384186,1.5,16.8999996185303,3.79999995231628,4.7619047164917,2,3,3,82,11.3000001907349,2.30000019073486,6.69999980926514,13.1999998092651,55.954,715,12.1049995422363,0,0,0,100,100,0.400000005960464,0.800000011920929,19.7000007629395
"224",6800000,"Hampden-Wilbraham",256.833892822266,49.2999992370605,4.90000009536743,0.5,17.7000007629395,7.69999980926514,10.7692308425903,3,3,2,62.6999969482422,26.5,6.30000019073486,6.80000019073486,14.6000003814697,52.666,1286,10.3000001907349,0,0,0,99.5999984741211,100,0.699999988079071,4.80000019073486,19.2999992370605
"225",6830000,"Hampshire",252.052169799805,51.0999984741211,1.5,0.5,14.8000001907349,7.09999990463257,11.3043479919434,3,3,3,57.8000030517578,32.1000022888184,9.19999980926514,12.3000001907349,12.8000001907349,47.526,528,11.7510004043579,0,0,0,99.1999969482422,99,0,3.5,14.3000001907349
"226",6900000,"King Philip",253.699676513672,50.2999992370605,2.09999990463257,0.100000001490116,14.8999996185303,5.40000009536743,9.8476676940918,2,3,2,74.5,16.2000007629395,4.09999990463257,8.80000019073486,18.2000007629395,58.561,1247,10.2150001525879,0,0,0,100,100,1.70000004768372,2.40000009536743,21.7999992370605
"227",6950000,"Lincoln-Sudbury",259.674194335938,50.4000015258789,6.90000009536743,0.300000011920929,18.1000003814697,2.79999995231628,7.97546052932739,3,3,2,92.0999984741211,4,2.40000009536743,5.90000009536743,12.8000001907349,66.799,1621,14.5340003967285,0,0,0,99.5999984741211,100,0.100000001490116,2.79999995231628,19.8999996185303
"228",6980000,"Manchester Essex Regional",264.3125,50.4000015258789,0.300000011920929,0.200000002980232,14,4.59999990463257,3.31971049308777,2,3,3,100,0,0,7.09999990463257,16.2999992370605,61.465,406,12.7720003128052,0,0,0,99.6999969482422,98.1999969482422,NA,NA,18.8999996185303
"229",7000000,"Marthas Vineyard",253.325302124023,48.0999984741211,11.5,3.20000004768372,23.5,7.19999980926514,5.46875,3,3,3,65.5,10.2999992370605,15.3999996185303,9.10000038146973,9.69999980926514,62.406,750,19.3190002441406,0,0,0,96.8000030517578,94.9000015258789,3.40000009536743,6.40000009536743,12.3999996185303
"230",7050000,"Masconomet",260.783782958984,51.7999992370605,3.09999990463257,0.200000002980232,12.8999996185303,1.70000004768372,5.84395360946655,3,3,2,85.0999984741211,9.39999961853027,1.20000004768372,6.30000019073486,15.8999996185303,63.688,1399,11.2150001525879,0,0,0,100,99.3000030517578,2.20000004768372,1.39999997615814,18.2000007629395
"231",7100000,"Mendon-Upton",257.6201171875,49.0999984741211,2.29999995231628,0.400000005960464,12.3999996185303,3.20000004768372,11.9047622680664,2,3,3,81.9000015258789,5.40000009536743,8.19999980926514,7.5,19,50.138,758,9.19400024414062,0,0,0,98.1999969482422,98.6999969482422,1.70000004768372,2.5,18.6000003814697
"232",7150000,"Mount Greylock",250.759262084961,49.4000015258789,5.80000019073486,0.600000023841858,15.3999996185303,11.8000001907349,8.65384674072266,2,3,2,74,18.7999992370605,4.19999980926514,10.3999996185303,12.6000003814697,57.201,393,17.3190002441406,0,0,0,97.6999969482422,100,1.89999997615814,1.89999997615814,13.1999998092651
"233",7170000,"Mohawk Trail",253.373489379883,47.5999984741211,3.79999995231628,0.300000011920929,21.1000003814697,31.7000007629395,14.4578304290771,2,2,3,49.5,30.5,11.3999996185303,7.69999980926514,11.1999998092651,48.213,383,13.8159999847412,0,0,0,99.5,100,2.79999995231628,3.09999990463257,12.6000003814697
"234",7200000,"Narragansett",247.634780883789,50.4000015258789,2.5,0.100000001490116,16,20.5,11.4035081863403,2,3,3,35.4000015258789,40,21.7999992370605,8.60000038146973,16.6000003814697,49.692,483,8.86100006103516,0,0,0,99,97.3000030517578,0.600000023841858,1.60000002384186,18
"235",7250000,"Nashoba",261.658325195312,48,3.79999995231628,0.400000005960464,11.8999996185303,4.90000009536743,5.1242241859436,2,3,2,81.5,11.8000001907349,1.89999997615814,7.19999980926514,13.3000001907349,57.201,916,11.4099998474121,0,0,0,99.0999984741211,100,1.70000004768372,1.29999995231628,19
"236",7300000,"Northboro-Southboro",260.648040771484,48.4000015258789,2.79999995231628,0.600000023841858,10.3999996185303,2.5,3.41880321502686,2,3,3,87.4000015258789,8.10000038146973,1.20000004768372,9.10000038146973,13.3999996185303,62.502,1410,12.6059999465942,0,0,0,100,100,0,3,17.1000003814697
"237",7350000,"North Middlesex",256.006652832031,48.7999992370605,2,0.100000001490116,16.8999996185303,9.5,8.2142858505249,2,2,1,61.5,22.3999996185303,7.5,8.5,16,52.829,1171,9.24100017547607,0,0,0,99.4000015258789,99.5,0,1.60000002384186,21.5
"238",7400000,"Old Rochester",255.337203979492,51.0999984741211,3.20000004768372,0,12.6999998092651,5.90000009536743,7.1005916595459,2,2,2,65.4000015258789,18.7999992370605,6.09999990463257,7,13.6999998092651,60.675,726,12.0620002746582,0,0,0,98.8000030517578,100,0.100000001490116,2.5,18.5
"239",7450000,"Pentucket",252.240005493164,49.7999992370605,1.80000007152557,0,14.8999996185303,4.19999980926514,23.0303039550781,2,2,1,62.9000015258789,26.1999988555908,4.09999990463257,7.30000019073486,14.5,53.882,861,9.36100006103516,0,0,0,98.4000015258789,95.5,0,0.699999988079071,19.2000007629395
"240",7500000,"Pioneer Valley",251.883728027344,47.7000007629395,2.29999995231628,0,17.7999992370605,21.2000007629395,16.470588684082,2,2,3,60.2999992370605,20.5,19.1999988555908,6.09999990463257,12.6000003814697,47.794,308,12.8929996490479,0,0,0,95.5,96.6999969482422,1.60000002384186,2.20000004768372,14.6999998092651
"241",7530000,"Quabbin",253.268478393555,50.5,3.5,0.100000001490116,13.6999998092651,13.3999996185303,7.03125,2,3,2,56,22.8999996185303,4.39999961853027,9.69999980926514,15.3999996185303,58.287,1014,9.73400020599365,0,0,0,98.5999984741211,100,0.400000005960464,2.29999995231628,17.8999996185303
"242",7550000,"Ralph C Mahar",246.979995727539,46.2000007629395,3,0.400000005960464,20.7999992370605,40.2000007629395,18,1,2,3,37.2000007629395,36.2000007629395,9.60000038146973,12,12.3000001907349,45.271,481,13.2700004577637,0,0,0,100,100,15.3999996185303,6.90000009536743,13.1999998092651
"243",7600000,"Silver Lake",250.540710449219,46.9000015258789,2.40000009536743,0.200000002980232,14.6000003814697,9.60000038146973,21.1409397125244,2,3,2,59.2000007629395,22.1000003814697,15.7999992370605,8.69999980926514,13.6000003814697,66.219,1187,11.9610004425049,0,0,0,99.1999969482422,100,0.800000011920929,3.90000009536743,20
"244",7650000,"Southern Berkshire",254.320007324219,49.2999992370605,4.59999990463257,0.600000023841858,17.1000003814697,16.1000003814697,21.9512195587158,2,3,2,54.4000015258789,28.2999992370605,4.30000019073486,9,10.8000001907349,47.097,226,13.1560001373291,0,0,0,99.5,99.5999984741211,NA,NA,11.8000001907349
"245",7660000,"Southwick-Tolland",248.496551513672,47.7000007629395,3.89999985694885,0.800000011920929,13.5,12.6000003814697,8.84955787658691,2,3,3,45.9000015258789,28.6000003814697,11.3000001907349,8,13.6999998092651,49.988,597,9.3129997253418,0,0,0,100,100,2.40000009536743,3.09999990463257,17.1000003814697
"246",7670000,"Spencer-E Brookfield",249.852935791016,48.2000007629395,4.90000009536743,0.300000011920929,21.1000003814697,22.8999996185303,9.55882358551025,2,3,1,52.1999969482422,19.8000011444092,22.7999992370605,9.5,15.5,58.954,604,10.3610000610352,0,0,0,99.5999984741211,99.4000015258789,1.39999997615814,5,16.3999996185303
"247",7700000,"Tantasqua",252.311859130859,47.0999984741211,5.30000019073486,0.100000001490116,14.3999996185303,9.89999961853027,11.5964555740356,3,2,2,57.3000030517578,19.4000015258789,11.1000003814697,8.30000019073486,12.6999998092651,62.289,1258,10.3859996795654,0,0,0,98.4000015258789,100,3.90000009536743,3.79999995231628,15.8000001907349
"248",7730000,"Triton",255.137771606445,49.4000015258789,2.59999990463257,0.800000011920929,11.8000001907349,14.1999998092651,6.632652759552,3,3,2,63.2000007629395,20.1000003814697,13.3999996185303,7.90000009536743,14,53.161,902,9.79199981689453,0,0,0,100,99.9000015258789,0.400000005960464,1.5,18.3999996185303
"249",7750000,"Wachusett",256.679656982422,49.0999984741211,3.29999995231628,0.400000005960464,13.6999998092651,5.80000019073486,8.31408786773682,2,3,1,98.6999969482422,0.200000002980232,0,6.59999990463257,15.3999996185303,56.28,1941,8.76900005340576,0,0,0,100,100,0.5,2,19.2999992370605
"250",7780000,"Quaboag Regional",251.341766357422,48.4000015258789,3.5,0,16.6000003814697,29.6000003814697,33.3333358764648,2,2,2,36.5,25.8999996185303,33,9.19999980926514,15.5,52.664,390,9.58500003814697,0,0,0,98,100,0.400000005960464,4.5,18.1000003814697
"251",7800000,"Whitman-Hanson",253.320388793945,48.7999992370605,3.30000019073486,0.300000011920929,15.3999996185303,11.6999998092651,12.8113880157471,2,2,3,55.5999984741211,28.8999996185303,5.89999961853027,7.80000019073486,16.3999996185303,60.587,1233,9.46399974822998,0,0,0,99.4000015258789,92.9000015258789,0.5,1.70000004768372,22.8999996185303
"252",9100000,"Bristol County Agricultural",250.399993896484,74.8000030517578,4,0,10.6999998092651,23.7999992370605,53.3333358764648,3,3,1,30,46,8,8.5,12.8000001907349,50.803,429,17.7210006713867,0,0,0,97.0999984741211,100,0,4.40000009536743,18
"253",9150000,"Norfolk County Agricultural",252.468475341797,69.5,5.69999980926514,0,14.8000001907349,8.10000038146973,7.20720720291138,2,2,1,62.0999984741211,23.2999992370605,11.1999998092651,9.30000019073486,10.1999998092651,64.036,459,18.0970001220703,0,0,0,95.5,100,1.89999997615814,2.70000004768372,17.7999992370605
